"Wing slice (x=10): z_over_c","Wing slice (x=10): True_Cp","Wing slice (x=10): z_over_c","Wing slice (x=10): Position[Y] (m)"
5.098587143479946,-0.4421917995363252,5.098587143479946,-25.426510014299694
5.113971070548459,-0.47797532607093735,5.113971070548459,-25.449208595336877
5.128772727250052,-0.5146872691813545,5.128772727250052,-25.4708250562534
5.143435606947598,-0.5580051543531859,5.143435606947598,-25.492011542550948
5.158146933619911,-0.5926214371718483,5.158146933619911,-25.51358299028816
5.1729341125515305,-0.6280001536520978,5.1729341125515305,-25.536040290323132
5.188277040953437,-0.6634651442047624,5.188277040953437,-25.560047413874898
5.202585553809001,-0.6841767645130962,5.202585553809001,-25.582655950854125
5.216951381055665,-0.7086257364008625,5.216951381055665,-25.60456986358014
5.232350221165831,-0.7303655286621102,5.232350221165831,-25.627536129298797
5.247080644940951,-0.7440472965927615,5.247080644940951,-25.650458398802165
5.261713874716662,-0.7559411447689992,5.261713874716662,-25.674439284544892
5.275955666826626,-0.7574545044505322,5.275955666826626,-25.69841135930694
5.290754484313318,-0.7565676425418478,5.290754484313318,-25.72362938925091
5.305963443597996,-0.7493545546993196,5.305963443597996,-25.749557655204114
5.3207826400978036,-0.737687580591583,5.3207826400978036,-25.774776059262447
5.336091767456686,-0.7163757372548836,5.336091767456686,-25.800842978138526
5.35085878950737,-0.6924292647699389,5.35085878950737,-25.8263232725306
5.302601350443709,-0.2414232268742909,5.302601350443709,-25.980565982640936
5.36554124695833,-0.6541074355854877,5.36554124695833,-25.852464322249006
5.374957503051654,-0.6258847115333904,5.374957503051654,-25.86949868325668
5.305866944564158,-0.24150763687543203,5.305866944564158,-25.98292904126458
5.3820679056470695,-0.6065160724777112,5.3820679056470695,-25.882517874185055
5.309577882064161,-0.24153160354133765,5.309577882064161,-25.985614360547288
5.394854569059341,-0.5621853816150972,5.394854569059341,-25.906024246203874
5.313318163727651,-0.24178806722543703,5.313318163727651,-25.988320913938104
5.409185242091681,-0.521431336527151,5.409185242091681,-25.932133174693092
5.318325402427391,-0.24213995625484105,5.318325402427391,-25.99194426642881
5.371558188021417,-0.2565840977619464,5.371558188021417,-26.030464728071706
5.423436419059271,-0.4768407753496102,5.423436419059271,-25.957703656761794
5.384639212946595,-0.26191543100494424,5.384639212946595,-26.039930457006548
5.360194630937265,-0.24716173003962943,5.360194630937265,-26.022241798162966
5.316519205868957,-0.2418871114605356,5.316519205868957,-25.99063726127265
5.320790084049463,-0.24208755779871483,5.320790084049463,-25.993727766443428
5.3918653103165255,-0.2663209198507076,5.3918653103165255,-26.045159426399383
5.436382488266148,-0.4464893023089845,5.436382488266148,-25.981700328969247
5.352841190923769,-0.2446280316951266,5.352841190923769,-26.0169206807196
5.324726884814993,-0.24228879597657033,5.324726884814993,-25.996576525552918
5.40143628567624,-0.2713076698013618,5.40143628567624,-26.052085203157347
5.445531376470292,-0.3933265048683374,5.445531376470292,-26.00877551166666
5.345442855912012,-0.24373275722503687,5.345442855912012,-26.011567076228282
5.330219027274211,-0.2427234911721902,5.330219027274211,-26.000550765498787
5.416541761983382,-0.27631238267977276,5.416541761983382,-26.06299198839679
5.449721777356324,-0.358006557272404,5.449721777356324,-26.040580969982642
5.337740090066212,-0.24281530574843765,5.337740090066212,-26.005993178619953
5.430415489468629,-0.29104070129259935,5.430415489468629,-26.07289539676224
5.448882469380479,-0.363666517727151,5.448882469380479,-26.070542744416873
5.442176129459142,-0.29054349606471747,5.442176129459142,-26.0811974717861
4.603675536590103,0.5847577141489677,4.603675536590103,-25.516300077251422
4.615019499889122,0.5494067025993647,4.615019499889122,-25.5324387238306
4.621776616650578,0.5358626284990301,4.621776616650578,-25.542018247158094
4.6325683122802985,0.503621777686077,4.6325683122802985,-25.556734660457117
4.6478948943555025,0.4780685497698497,4.6478948943555025,-25.577026229653804
4.6592553945775705,0.4567084757388374,4.6592553945775705,-25.591837076607547
4.666104372600813,0.4474237615685336,4.666104372600813,-25.600702961852708
4.676900961486325,0.4242596608496193,4.676900961486325,-25.614538716620583
4.692244878993137,0.3983090454971938,4.692244878993137,-25.63377371407732
4.703794863879828,0.38336006290029945,4.703794863879828,-25.647948812306762
4.7107864391104215,0.37566656616344685,4.7107864391104215,-25.656470532457412
4.721385011947746,0.3575265424094832,4.721385011947746,-25.6692394725399
4.736428837608997,0.3349143001404848,4.736428837608997,-25.687172111311504
4.751087300365953,0.31143369363677614,4.751087300365953,-25.704257261782494
4.765640672485205,0.2926187074174957,4.765640672485205,-25.720744260739437
4.780487983998697,0.27525134293275394,4.780487983998697,-25.736894270537753
4.795425827728025,0.266602828118534,4.795425827728025,-25.752620867564037
4.8098609747518495,0.2500441778144351,4.8098609747518495,-25.76756707696436
4.824599889184469,0.23482404165857906,4.824599889184469,-25.78237855351061
4.839648537451062,0.2227513974245766,4.839648537451062,-25.796863138750997
4.8544059378286875,0.22098908259314756,4.8544059378286875,-25.810453578606158
4.869016079650528,0.2163918926743022,4.869016079650528,-25.823738677218465
4.883650635315121,0.19627951646578812,4.883650635315121,-25.837091830516506
4.89853071300017,0.17706344782476421,4.89853071300017,-25.849784245174277
4.913378957706115,0.1910904390188793,4.913378957706115,-25.861554368627004
4.928166800650317,0.18751497586826446,4.928166800650317,-25.87318190156803
4.939799353637454,0.18016342312954153,4.939799353637454,-25.882153681424413
4.947033154811301,0.17631987722413392,4.947033154811301,-25.887655277659263
4.9573931437537055,0.17101835101524346,4.9573931437537055,-25.894919011480226
4.972266976492605,0.18994191352013798,4.972266976492605,-25.904849204556083
4.987198926441806,0.19773242182554143,4.987198926441806,-25.914743100029373
5.00201487387946,0.19997197054762975,5.00201487387946,-25.924600131047317
5.016831890954791,0.19893352284395902,5.016831890954791,-25.934530849785986
5.028460820597175,0.19496687145544594,5.028460820597175,-25.94232703451579
5.03574726592025,0.1927181040434296,5.03574726592025,-25.94717249562798
5.046199209790473,0.18994213412788186,5.046199209790473,-25.95393763702321
5.0610911814963515,0.1905483201683962,5.0610911814963515,-25.963271923820976
5.0759799226849935,0.19506865352861685,5.0759799226849935,-25.972169098067102
5.09073804694458,0.20310439384929613,5.09073804694458,-25.980613988777442
5.10543596094341,0.21299852865292032,5.10543596094341,-25.988544305345357
5.119911812326457,0.23278188917580392,5.119911812326457,-25.995985551460002
5.138159764036487,0.24961915877395038,5.138159764036487,-26.00525325539055
5.131177518272452,0.24547851604467052,5.131177518272452,-26.001729930496335
5.147733144919954,0.26295115123456275,5.147733144919954,-26.009967183300823
5.160792325144172,0.2963270037033048,5.160792325144172,-26.01624056900021
5.173103934307122,0.2989363815061567,5.173103934307122,-26.02191255570058
5.181996825615457,0.39310964470564586,5.181996825615457,-26.025902587376898
5.186446386957648,0.17719155103185644,5.186446386957648,-25.992865984432058
5.189280120548474,0.3652613760592118,5.189280120548474,-25.928584674478177
5.2029497177052235,0.31700336131945506,5.2029497177052235,-25.90779978461367
5.27713436443554,0.3614727713485726,5.27713436443554,-25.962137488870788
5.223629752730474,0.30808119710800425,5.223629752730474,-25.923104178141852
5.274205957421174,0.3466028324135365,5.274205957421174,-25.96001842655209
5.271125780402016,0.3388563261304103,5.271125780402016,-25.957789539985363
5.280831850731559,0.36952785242381164,5.280831850731559,-25.96481307455452
5.2857199720004076,0.3728631182265535,5.2857199720004076,-25.9683502309468
5.26472034781419,0.3247729303265522,5.26472034781419,-25.953154422405994
5.239529567966862,0.301298162102516,5.239529567966862,-25.93482201328156
5.254149405175454,0.3052125372850626,5.254149405175454,-25.945491996792807
5.084146381050687,-0.42003337137182456,5.084146381050687,-25.405993888991198
5.069854683267678,-0.404690063943278,5.069854683267678,-25.386852339971114
5.0543232653324,-0.4077122609810893,5.0543232653324,-25.366090349145864
5.039841061806833,-0.43371316541301075,5.039841061806833,-25.346514951158802
5.025477369325337,-0.481036312729065,5.025477369325337,-25.32728767360508
5.009969776478954,-0.5640758535322947,5.009969776478954,-25.30696753045898
4.966030439306209,-0.7400897160924379,4.966030439306209,-25.252058368426624
4.951323323657434,-0.7678044731476636,4.951323323657434,-25.233746037084522
4.995428917275262,-0.6362323593990945,4.995428917275262,-25.288592454151892
4.981054105039277,-0.6955820008215726,4.981054105039277,-25.270820062162613
4.936541059594262,-0.7814585540977765,4.936541059594262,-25.215773618033076
4.92169472072942,-0.7794066345841004,4.92169472072942,-25.19817755587212
4.9068367207843835,-0.764809764718075,4.9068367207843835,-25.18081303136654
4.8921802866485535,-0.7315540202265112,4.8921802866485535,-25.164108516638393
4.588314385856393,0.6259391060585298,4.588314385856393,-25.494403854817236
4.573540079692037,0.6657568946731679,4.573540079692037,-25.473360711478467
4.559263585056854,0.7135328047661006,4.559263585056854,-25.45262631350721
4.877704500598071,-0.6958077425493461,4.877704500598071,-25.149064331459087
4.544517947528995,0.7749122482828595,4.544517947528995,-25.43028599418074
4.863116398474112,-0.6623852408838224,4.863116398474112,-25.135486327250504
4.530156035471151,0.834109804572896,4.530156035471151,-25.407939551735126
4.848342882715627,-0.6331131269066884,4.848342882715627,-25.12305382807905
4.516710652451117,0.9183151566956149,4.516710652451117,-25.38470313755426
4.833789049412118,-0.6242460849763739,4.833789049412118,-25.111648159700103
4.505154314860562,1.0021803588409344,4.505154314860562,-25.34925393173285
4.819304118294696,-0.6162778530528562,4.819304118294696,-25.101052584235486
4.4983835580780465,0.6448627152418459,4.4983835580780465,-25.305390376984732
4.804538363428506,-0.6231068169654351,4.804538363428506,-25.090969794443787
4.496636975000484,-0.17155690879788874,4.496636975000484,-25.26374994623315
4.789847787218434,-0.632111913278916,4.789847787218434,-25.081542312487834
4.498358332232591,-1.2485397108469853,4.498358332232591,-25.221312927534168
4.760314270346996,-0.6547539076034897,4.760314270346996,-25.064493151514707
4.7751589202331175,-0.6459883948384837,4.7751589202331175,-25.072741450454238
4.50512247490321,-2.4228737091695116,4.50512247490321,-25.17717431979006
4.530309450182202,-1.825966053778806,4.530309450182202,-25.114894712134785
4.516919614826442,-2.6999009447651927,4.516919614826442,-25.140681529311106
4.745557277705387,-0.6693493876985336,4.745557277705387,-25.057218578187715
4.559029300579006,-1.8125269915091708,4.559029300579006,-25.0672972616501
4.544396287701147,-1.6510884515076878,4.544396287701147,-25.09042074199317
4.716474256794818,-0.7010953157735045,4.716474256794818,-25.04444381994282
4.731024372140453,-0.6757289266204223,4.731024372140453,-25.05068280103552
4.7017111379939465,-0.7308140087207969,4.7017111379939465,-25.038412160574403
4.68685986595834,-0.7906080201873634,4.68685986595834,-25.032728149323475
4.672178595854021,-0.8871112600298394,4.672178595854021,-25.02740307557501
4.657608114183596,-1.1098936695160673,4.657608114183596,-25.02234967041837
4.643244950033065,-1.2425300160021795,4.643244950033065,-25.01932404572655
4.629020591616644,-1.451867923514611,4.629020591616644,-25.018743442443437
4.614883220630773,-1.7112903811788398,4.614883220630773,-25.02031622609698
4.600889219931197,-1.8639112306491543,4.600889219931197,-25.025686210668425
4.586747041120184,-1.8474810522027993,4.586747041120184,-25.03582762702776
4.57286608872343,-1.924470842360865,4.57286608872343,-25.049522054239933
